"-76.93489838",38.90795898,9,9,4,1
"-76.93467712",38.90813065,9,9,4,2
"-76.93454742",38.90818024,9,9,4,3
"-76.93435669",38.90819168,9,9,4,4
"-76.93418884",38.90816116,9,9,4,5
"-76.93398285",38.90808868,9,9,4,6
"-76.93373871",38.90827179,9,9,4,7
"-76.93300629",38.90885162,9,9,4,8
"-76.93253326",38.90922928,9,9,4,9
"-76.93225861",38.90943909,9,9,4,10
"-76.93200684",38.90964127,9,9,4,11
"-76.93164062",38.90993118,9,9,4,12
"-76.93138885",38.9101181,9,9,4,13
"-76.93167114",38.91032028,9,9,4,14
"-76.93195343",38.91053009,9,9,4,15
"-76.93199921",38.91056824,9,9,4,16
"-76.93205261",38.9106102,9,9,4,17
"-76.93213654",38.91067886,9,9,4,18
"-76.93273926",38.91117096,9,9,4,19
"-76.93302917",38.91141129,9,9,4,20
"-76.93306732",38.9114418,9,9,4,21
"-76.93334961",38.91165161,9,9,4,22
"-76.93338013",38.91167068,9,9,4,23
"-76.93360138",38.91183853,9,9,4,24
"-76.9336319",38.91186142,9,9,4,25
"-76.93396759",38.91210175,9,9,4,26
"-76.93403625",38.91215134,9,9,4,27
"-76.9338913",38.91231155,9,9,4,28
"-76.93379211",38.91241837,9,9,4,29
"-76.93363953",38.9126091,9,9,4,30
"-76.93338776",38.91296005,9,9,4,31
"-76.93325806",38.91315842,9,9,4,32
"-76.93312836",38.9133606,9,9,4,33
"-76.93302155",38.91355133,9,9,4,34
"-76.93279266",38.91397858,9,9,4,35
"-76.93266296",38.91429901,9,9,4,36
"-76.93257904",38.91452026,9,9,4,37
"-76.93254852",38.91463852,9,9,4,38
"-76.93250275",38.91489029,9,9,4,39
"-76.93245697",38.9151001,9,9,4,40
"-76.93242645",38.91530991,9,9,4,41
"-76.93240356",38.91558838,9,9,4,42
"-76.93237305",38.9158287,9,9,4,43
"-76.93232727",38.91650009,9,9,4,44
"-76.93229675",38.91680908,9,9,4,45
"-76.93228912",38.91691971,9,9,4,46
"-76.93224335",38.91749954,9,9,4,47
"-76.93222809",38.91759109,9,9,4,48
"-76.93221283",38.91799927,9,9,4,49
"-76.93221283",38.91830063,9,9,4,50
"-76.93218994",38.91867828,9,9,4,51
"-76.93296051",38.91889954,9,9,4,52
"-76.93302917",38.91891861,9,9,4,53
"-76.93306732",38.91912079,9,9,4,54
"-76.93338013",38.91918945,9,9,4,55
"-76.93369293",38.91926956,9,9,4,56
"-76.93421173",38.91936874,9,9,4,57
"-76.93462372",38.91944885,9,9,4,58
"-76.93491364",38.91949844,9,9,4,59
"-76.93546295",38.91955948,9,9,4,60
"-76.93579865",38.91957092,9,9,4,61
"-76.9360733",38.91955948,9,9,4,62
"-76.93644714",38.91952133,9,9,4,63
"-76.93665314",38.91949081,9,9,4,64
"-76.93697357",38.91941833,9,9,4,65
"-76.93730927",38.9193306,9,9,4,66
"-76.93756104",38.91925812,9,9,4,67
"-76.93798065",38.91910934,9,9,4,68
"-76.93869019",38.91881943,9,9,4,69
"-76.9391098",38.91865921,9,9,4,70
"-76.93940735",38.91856003,9,9,4,71
"-76.93975067",38.91846085,9,9,4,72
"-76.93997955",38.91841125,9,9,4,73
"-76.9402771",38.91835022,9,9,4,74
"-76.94056702",38.91828918,9,9,4,75
"-76.94090271",38.91822815,9,9,4,76
"-76.94132233",38.91817856,9,9,4,77
"-76.94171143",38.91815186,9,9,4,78
"-76.94229126",38.91810989,9,9,4,79
"-76.94277954",38.91809845,9,9,4,80
"-76.94312286",38.91809845,9,9,4,81
"-76.94407654",38.91817093,9,9,4,82
"-76.94445801",38.91820908,9,9,4,83
"-76.94497681",38.91828918,9,9,4,84
"-76.94571686",38.91841888,9,9,4,85
"-76.94615936",38.91849136,9,9,4,86
"-76.94660187",38.91856003,9,9,4,87
"-76.94696808",38.91860962,9,9,4,88
"-76.94915009",38.91899109,9,9,4,89
"-76.95044708",38.9192009,9,9,4,90
"-76.95101929",38.91926956,9,9,4,91
"-76.95128632",38.91928864,9,9,4,92
"-76.9515686",38.91928864,9,9,4,93
"-76.95189667",38.91928101,9,9,4,94
"-76.95249176",38.91923141,9,9,4,95
"-76.95278931",38.91918182,9,9,4,96
"-76.95307159",38.91912842,9,9,4,97
"-76.95339203",38.91904831,9,9,4,98
"-76.95368195",38.91896057,9,9,4,99
"-76.95420837",38.91873932,9,9,4,100
"-76.95439148",38.91865158,9,9,4,101
"-76.95498657",38.91835022,9,9,4,102
"-76.9550705",38.91830063,9,9,4,103
"-76.95542908",38.91812897,9,9,4,104
"-76.95587921",38.91791153,9,9,4,105
"-76.95649719",38.91759872,9,9,4,106
"-76.95700073",38.91735077,9,9,4,107
"-76.9566803",38.91733932,9,9,4,108
"-76.95599365",38.91730881,9,9,4,109
"-76.9557724",38.91727066,9,9,4,110
"-76.95567322",38.91720963,9,9,4,111
"-76.95558167",38.91709137,9,9,4,112
"-76.95555115",38.9169693,9,9,4,113
"-76.95556641",38.91685867,9,9,4,114
"-76.9556427",38.91672134,9,9,4,115
"-76.95583344",38.91664886,9,9,4,116
"-76.95606232",38.91662979,9,9,4,117
"-76.95606232",38.91651917,9,9,4,118
"-76.95607758",38.91629028,9,9,4,119
"-76.95623016",38.91619873,9,9,4,120
"-76.95635223",38.91616821,9,9,4,121
"-76.95652771",38.91614914,9,9,4,122
"-76.95681",38.91627121,9,9,4,123
"-76.95697784",38.9163208,9,9,4,124
"-76.95732117",38.91635132,9,9,4,125
"-76.95732117",38.91635132,9,9,405,1
"-76.95776367",38.91638184,9,9,405,2
"-76.95964813",38.91643143,9,9,405,3
"-76.96008301",38.91646957,9,9,405,4
"-76.96064758",38.91656876,9,9,405,5
"-76.96099091",38.91595078,9,9,405,6
"-76.96101379",38.91580963,9,9,405,7
"-76.96102905",38.91558838,9,9,405,8
"-76.96127319",38.91547012,9,9,405,9
"-76.96247864",38.91489029,9,9,405,10
"-76.96247864",38.91489029,9,9,704,1
"-76.96127319",38.91547012,9,9,704,2
"-76.96102905",38.91558838,9,9,704,3
"-76.96095276",38.91542053,9,9,704,4
"-76.96077728",38.91416931,9,9,704,5
"-76.96069336",38.91363907,9,9,704,6
"-76.96069336",38.91363907,9,9,18,1
"-76.96077728",38.91416931,9,9,18,2
"-76.96140289",38.91416931,9,9,18,3
"-76.96188354",38.91411972,9,9,18,4
"-76.96273041",38.91395187,9,9,18,5
"-76.96325684",38.91379166,9,9,18,6
"-76.96391296",38.91352081,9,9,18,7
"-76.96440125",38.91321945,9,9,18,8
"-76.96485901",38.91289902,9,9,18,9
"-76.9647522",38.91259003,9,9,18,10
"-76.96463776",38.91241074,9,9,18,11
"-76.96401215",38.91215134,9,9,18,12
"-76.96209717",38.91143036,9,9,18,13
"-76.96209717",38.91143036,9,9,772,1
"-76.96179962",38.91128159,9,9,772,2
"-76.96160889",38.91115189,9,9,772,3
"-76.96147156",38.91104126,9,9,772,4
"-76.96134949",38.91093063,9,9,772,5
"-76.96124268",38.91082001,9,9,772,6
"-76.96118927",38.91067123,9,9,772,7
"-76.96118927",38.91059113,9,9,772,8
"-76.96122742",38.91046906,9,9,772,9
"-76.9613266",38.91030121,9,9,772,10
"-76.96160889",38.90999985,9,9,772,11
"-76.96160889",38.90999985,9,9,592,1
"-76.96127319",38.90983963,9,9,592,2
"-76.96095276",38.90970993,9,9,592,3
"-76.96058655",38.9095993,9,9,592,4
"-76.96002197",38.90964127,9,9,592,5
"-76.96002197",38.90964127,9,9,756,1
"-76.95973206",38.90967178,9,9,756,2
"-76.95934296",38.90977097,9,9,756,3
"-76.95905304",38.90990829,9,9,756,4
"-76.95821381",38.9106102,9,9,756,5
"-76.9578476",38.91090012,9,9,756,6
"-76.95767975",38.9109993,9,9,756,7
"-76.95754242",38.91106033,9,9,756,8
"-76.95735931",38.91112137,9,9,756,9
"-76.9571228",38.91117859,9,9,756,10
"-76.95691681",38.91123962,9,9,756,11
"-76.95675659",38.91131973,9,9,756,12
"-76.95664215",38.91141891,9,9,756,13
"-76.9565506",38.91154099,9,9,756,14
"-76.95651245",38.91165161,9,9,756,15
"-76.95651245",38.91165161,9,9,683,1
"-76.9565506",38.91154099,9,9,683,2
"-76.95664215",38.91141891,9,9,683,3
"-76.95675659",38.91131973,9,9,683,4
"-76.95691681",38.91123962,9,9,683,5
"-76.9571228",38.91117859,9,9,683,6
"-76.95735931",38.91112137,9,9,683,7
"-76.95754242",38.91106033,9,9,683,8
"-76.95767975",38.9109993,9,9,683,9
"-76.9578476",38.91090012,9,9,683,10
"-76.95821381",38.9106102,9,9,683,11
"-76.95905304",38.90990829,9,9,683,12
"-76.95934296",38.90977097,9,9,683,13
"-76.95973206",38.90967178,9,9,683,14
"-76.96002197",38.90964127,9,9,683,15
"-76.96058655",38.9095993,9,9,683,16
"-76.96095276",38.90970993,9,9,683,17
"-76.96127319",38.90983963,9,9,683,18
"-76.96160889",38.90999985,9,9,683,19
"-76.9621582",38.90967178,9,9,683,20
"-76.96292114",38.90921021,9,9,683,21
"-76.96502686",38.90816116,9,9,683,22
"-76.96537018",38.90813065,9,9,683,23
"-76.96537018",38.90813065,9,9,121,1
"-76.96608734",38.90813065,9,9,121,2
"-76.96723175",38.90813065,9,9,121,3
"-76.96811676",38.9081192,9,9,121,4
"-76.96839905",38.90813065,9,9,121,5
"-76.96840668",38.90668106,9,9,121,6
"-76.96864319",38.90668106,9,9,121,7
"-76.96887207",38.90665817,9,9,121,8
"-76.96887207",38.90665817,9,9,508,1
"-76.96864319",38.90668106,9,9,508,2
"-76.96840668",38.90668106,9,9,508,3
"-76.96813202",38.90666962,9,9,508,4
"-76.96811676",38.9081192,9,9,508,5
"-76.96723175",38.90813065,9,9,508,6
"-76.96694946",38.90832138,9,9,508,7
"-76.96685028",38.90842056,9,9,508,8
"-76.96681976",38.90853882,9,9,508,9
"-76.96679688",38.90874863,9,9,508,10
"-76.96690369",38.90927887,9,9,508,11
"-76.96691132",38.90970993,9,9,508,12
"-76.96684265",38.91011047,9,9,508,13
"-76.96685028",38.91017914,9,9,508,14
"-76.96697998",38.91017914,9,9,508,15
"-76.96697998",38.91027832,9,9,508,16
"-76.96700287",38.9103508,9,9,508,17
"-76.96698761",38.91041183,9,9,508,18
"-76.96698761",38.91049957,9,9,508,19
"-76.96704102",38.91057968,9,9,508,20
"-76.96713257",38.91064072,9,9,508,21
"-76.96727753",38.91070175,9,9,508,22
"-76.96746826",38.91072083,9,9,508,23
"-76.96759033",38.91075897,9,9,508,24
"-76.967659",38.91080856,9,9,508,25
"-76.96775818",38.91083908,9,9,508,26
"-76.96806335",38.91085815,9,9,508,27
"-76.96824646",38.91091156,9,9,508,28
"-76.96843719",38.91102982,9,9,508,29
"-76.96855164",38.91115952,9,9,508,30
"-76.96855164",38.91115952,9,9,213,1
"-76.96859741",38.91130829,9,9,213,2
"-76.96858978",38.91144943,9,9,213,3
"-76.96858215",38.91162872,9,9,213,4
"-76.96861267",38.91175079,9,9,213,5
"-76.96868134",38.91183853,9,9,213,6
"-76.96875",38.91191101,9,9,213,7
"-76.96884918",38.9119606,9,9,213,8
"-76.96893311",38.91197968,9,9,213,9
"-76.96901703",38.91199112,9,9,213,10
"-76.96932983",38.9119606,9,9,213,11
"-76.9693222",38.91183853,9,9,213,12
"-76.96936035",38.91178894,9,9,213,13
"-76.96933746",38.91173935,9,9,213,14
"-76.96970367",38.9115715,9,9,213,15
"-76.96974945",38.91152954,9,9,213,16
"-76.9697113",38.91149139,9,9,213,17
"-76.96965027",38.91143036,9,9,213,18
"-76.96961975",38.91136169,9,9,213,19
"-76.96964264",38.9112587,9,9,213,20
"-76.96968079",38.91119003,9,9,213,21
"-76.96975708",38.91112137,9,9,213,22
"-76.96975708",38.91112137,9,9,810,1
"-76.96968079",38.91119003,9,9,810,2
"-76.96964264",38.9112587,9,9,810,3
"-76.96961975",38.91136169,9,9,810,4
"-76.96965027",38.91143036,9,9,810,5
"-76.9697113",38.91149139,9,9,810,6
"-76.96974945",38.91152954,9,9,810,7
"-76.96970367",38.9115715,9,9,810,8
"-76.96933746",38.91173935,9,9,810,9
"-76.96936035",38.91178894,9,9,810,10
"-76.9693222",38.91183853,9,9,810,11
"-76.96932983",38.9119606,9,9,810,12
"-76.96901703",38.91199112,9,9,810,13
"-76.96874237",38.91202164,9,9,810,14
"-76.96820068",38.91207123,9,9,810,15
"-76.96768188",38.91213989,9,9,810,16
"-76.96727753",38.91225815,9,9,810,17
"-76.96692657",38.91233826,9,9,810,18
"-76.96656799",38.91238022,9,9,810,19
"-76.96585083",38.91241074,9,9,810,20
"-76.96549988",38.91244125,9,9,810,21
"-76.96536255",38.9124794,9,9,810,22
"-76.96485901",38.91289902,9,9,810,23
"-76.96514893",38.91350174,9,9,810,24
"-76.96543121",38.91411972,9,9,810,25
"-76.9655838",38.91450119,9,9,810,26
"-76.96560669",38.91463852,9,9,810,27
"-76.96530914",38.91477966,9,9,810,28
"-76.96521759",38.91490173,9,9,810,29
"-76.96515656",38.91501999,9,9,810,30
"-76.96517181",38.91516113,9,9,810,31
"-76.96514893",38.91543961,9,9,810,32
"-76.96507263",38.91598129,9,9,810,33
"-76.96513367",38.91598892,9,9,810,34
"-76.96517181",38.91601944,9,9,810,35
"-76.96518707",38.91606903,9,9,810,36
"-76.96517181",38.91611862,9,9,810,37
"-76.96513367",38.91614914,9,9,810,38
"-76.96507263",38.91616058,9,9,810,39
"-76.96498871",38.91664124,9,9,810,40
"-76.96495056",38.9169693,9,9,810,41
"-76.96440887",38.91693115,9,9,810,42
"-76.96372223",38.91690063,9,9,810,43
"-76.96296692",38.91688156,9,9,810,44
"-76.96251678",38.91693878,9,9,810,45
"-76.9621582",38.91691971,9,9,810,46
"-76.96098328",38.91687012,9,9,810,47
"-76.95915985",38.91680145,9,9,810,48
"-76.9587326",38.91680145,9,9,810,49
"-76.9586792",38.91680145,9,9,810,50
"-76.9586792",38.91680145,9,9,574,1
"-76.95848846",38.91680908,9,9,574,2
"-76.95828247",38.91682816,9,9,574,3
"-76.95794678",38.91687012,9,9,574,4
"-76.95773315",38.91691971,9,9,574,5
"-76.95751953",38.91698837,9,9,574,6
"-76.95700836",38.91719055,9,9,574,7
"-76.9566803",38.91733932,9,9,574,8
"-76.95700073",38.91735077,9,9,574,9
"-76.95741272",38.91717148,9,9,574,10
"-76.95767975",38.91706085,9,9,574,11
"-76.95797729",38.91698074,9,9,574,12
"-76.95838928",38.91691971,9,9,574,13
"-76.95867157",38.91688919,9,9,574,14
"-76.95903015",38.91688919,9,9,574,15
"-76.9598465",38.91691971,9,9,574,16
"-76.9606781",38.91696167,9,9,574,17
"-76.96096802",38.91698074,9,9,574,18
"-76.96105194",38.91706085,9,9,574,19
"-76.9631424",38.91716003,9,9,574,20
"-76.96362305",38.91717148,9,9,574,21
"-76.96407318",38.91719818,9,9,574,22
"-76.96407318",38.91719818,9,9,87,1
"-76.96437836",38.91720963,9,9,87,2
"-76.96452332",38.91722107,9,9,87,3
"-76.96469879",38.91724014,9,9,87,4
"-76.96469879",38.91724014,9,9,92,1
"-76.9667511",38.91740036,9,9,92,2
"-76.96784973",38.91744995,9,9,92,3
"-76.96882629",38.9174881,9,9,92,4
"-76.96975708",38.9175415,9,9,92,5
"-76.97003174",38.91753006,9,9,92,6
"-76.97051239",38.91748047,9,9,92,7
"-76.97102356",38.9174881,9,9,92,8
"-76.97135162",38.91748047,9,9,92,9
"-76.97149658",38.91748047,9,9,92,10
"-76.97203827",38.9174614,9,9,92,11
"-76.9723587",38.91744995,9,9,92,12
"-76.97193909",38.91796875,9,9,92,13
"-76.97164917",38.9183197,9,9,92,14
"-76.97147369",38.91854095,9,9,92,15
"-76.97083282",38.91933823,9,9,92,16
"-76.97026062",38.92002106,9,9,92,17
"-76.97019958",38.91989136,9,9,92,18
"-76.97015381",38.9198494,9,9,92,19
"-76.96994019",38.9197197,9,9,92,20
"-76.96981812",38.91962051,9,9,92,21
"-76.96971893",38.91950989,9,9,92,22
"-76.96952057",38.91923141,9,9,92,23
"-76.96943665",38.91915131,9,9,92,24
"-76.96929169",38.91905975,9,9,92,25
"-76.96910858",38.91901016,9,9,92,26
"-76.96369934",38.91875839,9,9,92,27
"-76.96369934",38.91875839,9,9,310,1
"-76.96369934",38.9204216,9,9,310,2
"-76.96369934",38.92129898,9,9,310,3
"-76.9628067",38.92129898,9,9,310,4
"-76.9628067",38.92129898,9,9,234,1
"-76.96369934",38.92129898,9,9,234,2
"-76.96369934",38.92237091,9,9,234,3
"-76.96369934",38.92343903,9,9,234,4
"-76.96318054",38.92345047,9,9,234,5
"-76.96269226",38.9234581,9,9,234,6
"-76.9626236",38.92353821,9,9,234,7
"-76.96221924",38.92388916,9,9,234,8
"-76.96196747",38.9240799,9,9,234,9
"-76.9617691",38.92417145,9,9,234,10
"-76.96159363",38.92375946,9,9,234,11
"-76.96147156",38.9237709,9,9,234,12
"-76.96121979",38.92377853,9,9,234,13
"-76.96115875",38.9237709,9,9,234,14
"-76.96109772",38.92375183,9,9,234,15
"-76.95996094",38.92292023,9,9,234,16
"-76.95996094",38.92292023,9,9,158,1
"-76.96109772",38.92375183,9,9,158,2
"-76.96115875",38.9237709,9,9,158,3
"-76.96121979",38.92377853,9,9,158,4
"-76.96147156",38.9237709,9,9,158,5
"-76.96159363",38.92375946,9,9,158,6
"-76.9617691",38.92417145,9,9,158,7
"-76.96038818",38.92419815,9,9,158,8
"-76.95996094",38.92420959,9,9,158,9
"-76.95973969",38.92427063,9,9,158,10
"-76.95957947",38.92432022,9,9,158,11
"-76.95918274",38.92387009,9,9,158,12
"-76.95860291",38.92345047,9,9,158,13
"-76.95790863",38.92296982,9,9,158,14
"-76.95774078",38.92285156,9,9,158,15
"-76.95806885",38.92258072,9,9,158,16
"-76.95736694",38.92210007,9,9,158,17
"-76.95736694",38.92210007,9,9,291,1
"-76.95806885",38.92258072,9,9,291,2
"-76.95774078",38.92285156,9,9,291,3
"-76.95645905",38.92198944,9,9,291,4
"-76.95558929",38.92142105,9,9,291,5
"-76.95549011",38.92134857,9,9,291,6
"-76.95526123",38.92118073,9,9,291,7
"-76.95509338",38.92105865,9,9,291,8
"-76.95500946",38.92100906,9,9,291,9
"-76.95491791",38.92097092,9,9,291,10
"-76.95481873",38.92095184,9,9,291,11
"-76.95468903",38.92090988,9,9,291,12
"-76.95456696",38.92082977,9,9,291,13
"-76.95426178",38.92060852,9,9,291,14
"-76.95417786",38.9205513,9,9,291,15
"-76.95435333",38.92039871,9,9,291,16
"-76.95435333",38.92039871,9,9,141,1
"-76.9539032",38.9201088,9,9,141,2
"-76.95374298",38.92024994,9,9,141,3
"-76.95355225",38.92012024,9,9,141,4
"-76.95337677",38.91999817,9,9,141,5
"-76.95329285",38.91994095,9,9,141,6
"-76.95317078",38.91987991,9,9,141,7
"-76.95310974",38.91986084,9,9,141,8
"-76.95304108",38.9198494,9,9,141,9
"-76.95295715",38.9198494,9,9,141,10
"-76.95288086",38.91986084,9,9,141,11
"-76.95281982",38.91986847,9,9,141,12
"-76.95269012",38.9199295,9,9,141,13
"-76.9526062",38.91999817,9,9,141,14
"-76.95256042",38.9201088,9,9,141,15
"-76.95253754",38.9201889,9,9,141,16
"-76.95252228",38.9202919,9,9,141,17
"-76.95252228",38.9202919,9,9,301,1
"-76.95253754",38.9201889,9,9,301,2
"-76.95256042",38.9201088,9,9,301,3
"-76.9526062",38.91999817,9,9,301,4
"-76.95269012",38.9199295,9,9,301,5
"-76.95281982",38.91986847,9,9,301,6
"-76.95288086",38.91986084,9,9,301,7
"-76.95295715",38.9198494,9,9,301,8
"-76.95304108",38.9198494,9,9,301,9
"-76.95310974",38.91986084,9,9,301,10
"-76.95317078",38.91987991,9,9,301,11
"-76.95329285",38.91994095,9,9,301,12
"-76.95337677",38.91999817,9,9,301,13
"-76.95355225",38.92012024,9,9,301,14
"-76.95374298",38.92024994,9,9,301,15
"-76.95391846",38.92037964,9,9,301,16
"-76.95417786",38.9205513,9,9,301,17
"-76.95426178",38.92060852,9,9,301,18
"-76.95456696",38.92082977,9,9,301,19
"-76.95468903",38.92090988,9,9,301,20
"-76.95475006",38.92095947,9,9,301,21
"-76.95484161",38.92102814,9,9,301,22
"-76.95506287",38.92118073,9,9,301,23
"-76.95540619",38.92142105,9,9,301,24
"-76.955513",38.92148972,9,9,301,25
"-76.95482635",38.92211151,9,9,301,26
"-76.95510101",38.92229843,9,9,301,27
"-76.95517731",38.92222977,9,9,301,28
"-76.95565796",38.92179871,9,9,301,29
"-76.95565796",38.92179871,9,9,232,1
"-76.95517731",38.92222977,9,9,232,2
"-76.95510101",38.92229843,9,9,232,3
"-76.95542908",38.92253876,9,9,232,4
"-76.95562744",38.9226799,9,9,232,5
"-76.95606232",38.92295837,9,9,232,6
"-76.95616913",38.92303085,9,9,232,7
"-76.95646667",38.92276001,9,9,232,8
"-76.95671844",38.92253113,9,9,232,9
"-76.95671844",38.92253113,9,9,591,1
"-76.95646667",38.92276001,9,9,591,2
"-76.95616913",38.92303085,9,9,591,3
"-76.95646667",38.92321014,9,9,591,4
"-76.95556641",38.92401123,9,9,591,5
"-76.95556641",38.92401123,9,9,78,1
"-76.95646667",38.92321014,9,9,78,2
"-76.95675659",38.92338181,9,9,78,3
"-76.95677185",38.92343903,9,9,78,4
"-76.9567337",38.92353058,9,9,78,5
"-76.95612335",38.92401886,9,9,78,6
"-76.95565796",38.92438889,9,9,78,7
"-76.95532227",38.92417908,9,9,78,8
"-76.95478821",38.92391968,9,9,78,9
"-76.95446777",38.92380905,9,9,78,10
"-76.95401001",38.92372894,9,9,78,11
"-76.95401001",38.92372894,9,9,736,1
"-76.95446777",38.92380905,9,9,736,2
"-76.95478821",38.92391968,9,9,736,3
"-76.95532227",38.92417908,9,9,736,4
"-76.95565796",38.92438889,9,9,736,5
"-76.95583344",38.92449951,9,9,736,6
"-76.95632935",38.92507935,9,9,736,7
"-76.95649719",38.92546844,9,9,736,8
"-76.95658875",38.92586899,9,9,736,9
"-76.95658875",38.92615891,9,9,736,10
"-76.95654297",38.92639923,9,9,736,11
"-76.95644379",38.92673111,9,9,736,12
"-76.95641327",38.92684937,9,9,736,13
"-76.95620728",38.92750168,9,9,736,14
"-76.9561615",38.92771149,9,9,736,15
"-76.95620728",38.92786026,9,9,736,16
"-76.9562912",38.92797852,9,9,736,17
"-76.95683289",38.92842102,9,9,736,18
"-76.95690918",38.92853165,9,9,736,19
"-76.9575882",38.92918015,9,9,736,20
"-76.95865631",38.93014145,9,9,736,21
"-76.95832062",38.93035126,9,9,736,22
"-76.95777893",38.93072891,9,9,736,23
"-76.95758057",38.93087006,9,9,736,24
"-76.9573288",38.93104172,9,9,736,25
"-76.95709991",38.93119049,9,9,736,26
"-76.95702362",38.93124008,9,9,736,27
"-76.95681763",38.93136978,9,9,736,28
"-76.95625305",38.93173981,9,9,736,29
"-76.95616913",38.93180084,9,9,736,30
"-76.95597839",38.9319191,9,9,736,31
"-76.95559692",38.9321785,9,9,736,32
"-76.95484924",38.93149948,9,9,736,33
"-76.95542908",38.93106079,9,9,736,34
"-76.95583344",38.9307518,9,9,736,35
"-76.95597076",38.93061066,9,9,736,36
"-76.95594788",38.93048859,9,9,736,37
"-76.95590973",38.9303894,9,9,736,38
"-76.95585632",38.93027878,9,9,736,39
"-76.95580292",38.93022919,9,9,736,40
"-76.9557724",38.93016815,9,9,736,41
"-76.95578766",38.93006134,9,9,736,42
"-76.95584869",38.93000031,9,9,736,43
"-76.95591736",38.92995834,9,9,736,44
"-76.95578003",38.92974091,9,9,736,45
"-76.9556427",38.92956924,9,9,736,46
"-76.95542908",38.9294281,9,9,736,47
"-76.95516968",38.92932129,9,9,736,48
"-76.95491028",38.92921829,9,9,736,49
"-76.95459747",38.92914963,9,9,736,50
"-76.95445251",38.92911911,9,9,736,51
"-76.95445251",38.92911911,9,9,224,1
"-76.95459747",38.92914963,9,9,224,2
"-76.95491028",38.92921829,9,9,224,3
"-76.95516968",38.92932129,9,9,224,4
"-76.95542908",38.9294281,9,9,224,5
"-76.9556427",38.92956924,9,9,224,6
"-76.95578003",38.92974091,9,9,224,7
"-76.95591736",38.92995834,9,9,224,8
"-76.95584869",38.93000031,9,9,224,9
"-76.95578766",38.93006134,9,9,224,10
"-76.9557724",38.93016815,9,9,224,11
"-76.95580292",38.93022919,9,9,224,12
"-76.95585632",38.93027878,9,9,224,13
"-76.95590973",38.9303894,9,9,224,14
"-76.95594788",38.93048859,9,9,224,15
"-76.95597076",38.93061066,9,9,224,16
"-76.95583344",38.9307518,9,9,224,17
"-76.95542908",38.93106079,9,9,224,18
"-76.95484924",38.93149948,9,9,224,19
"-76.95559692",38.9321785,9,9,224,20
"-76.95597839",38.9319191,9,9,224,21
"-76.95616913",38.93180084,9,9,224,22
"-76.95625305",38.93173981,9,9,224,23
"-76.95681763",38.93136978,9,9,224,24
"-76.95702362",38.93124008,9,9,224,25
"-76.95709991",38.93119049,9,9,224,26
"-76.9573288",38.93104172,9,9,224,27
"-76.95758057",38.93087006,9,9,224,28
"-76.95777893",38.93072891,9,9,224,29
"-76.95832062",38.93035126,9,9,224,30
"-76.95865631",38.93014145,9,9,224,31
"-76.9575882",38.92918015,9,9,224,32
"-76.95690918",38.92853165,9,9,224,33
"-76.95683289",38.92842102,9,9,224,34
"-76.9562912",38.92797852,9,9,224,35
"-76.95620728",38.92786026,9,9,224,36
"-76.9561615",38.92771149,9,9,224,37
"-76.95620728",38.92750168,9,9,224,38
"-76.95641327",38.92684937,9,9,224,39
"-76.95644379",38.92673111,9,9,224,40
"-76.95654297",38.92639923,9,9,224,41
"-76.95658875",38.92615891,9,9,224,42
"-76.95658875",38.92586899,9,9,224,43
"-76.95649719",38.92546844,9,9,224,44
"-76.95632935",38.92507935,9,9,224,45
"-76.95583344",38.92449951,9,9,224,46
"-76.95565796",38.92438889,9,9,224,47
"-76.95612335",38.92401886,9,9,224,48
"-76.9567337",38.92353058,9,9,224,49
"-76.95677185",38.92343903,9,9,224,50
"-76.95675659",38.92338181,9,9,224,51
"-76.95646667",38.92321014,9,9,224,52
"-76.95616913",38.92303085,9,9,224,53
"-76.95606232",38.92295837,9,9,224,54
"-76.95562744",38.9226799,9,9,224,55
"-76.95542908",38.92253876,9,9,224,56
"-76.95510101",38.92229843,9,9,224,57
"-76.95482635",38.92211151,9,9,224,58
"-76.955513",38.92148972,9,9,224,59
"-76.95558929",38.92142105,9,9,224,60
"-76.95585632",38.92118835,9,9,224,61
"-76.95626831",38.92084122,9,9,224,62
"-76.95648193",38.92071915,9,9,224,63
"-76.95659637",38.920681,9,9,224,64
"-76.95680237",38.92060089,9,9,224,65
"-76.95697021",38.92053986,9,9,224,66
"-76.95716095",38.9204216,9,9,224,67
"-76.95742798",38.92021942,9,9,224,68
"-76.95755768",38.92012024,9,9,224,69
"-76.9575882",38.92002106,9,9,224,70
"-76.95597839",38.91893005,9,9,224,71
"-76.95561218",38.91867065,9,9,224,72
"-76.95552063",38.91860962,9,9,224,73
"-76.95523834",38.91841125,9,9,224,74
"-76.95517731",38.91836929,9,9,224,75
"-76.9550705",38.91830063,9,9,224,76
"-76.9549408",38.91820908,9,9,224,77
"-76.95485687",38.91825867,9,9,224,78
"-76.95442963",38.91846848,9,9,224,79
"-76.95404816",38.91865158,9,9,224,80
"-76.95388031",38.91872025,9,9,224,81
"-76.95355988",38.91884995,9,9,224,82
"-76.95334625",38.91891861,9,9,224,83
"-76.95330811",38.9189415,9,9,224,84
"-76.95307922",38.91899872,9,9,224,85
"-76.95276642",38.91905975,9,9,224,86
"-76.95249939",38.91912079,9,9,224,87
"-76.9521637",38.91915894,9,9,224,88
"-76.95168304",38.91918182,9,9,224,89
"-76.9513092",38.91918182,9,9,224,90
"-76.95081329",38.91913986,9,9,224,91
"-76.9503479",38.9190712,9,9,224,92
"-76.9491806",38.91888046,9,9,224,93
"-76.94715118",38.91854095,9,9,224,94
"-76.94467163",38.91812897,9,9,224,95
"-76.94387817",38.91802979,9,9,224,96
"-76.94317627",38.91799164,9,9,224,97
"-76.94277191",38.91796875,9,9,224,98
"-76.94223785",38.91798019,9,9,224,99
"-76.94174957",38.91801834,9,9,224,100
"-76.94119263",38.91807938,9,9,224,101
"-76.94035339",38.91819,9,9,224,102
"-76.94023132",38.91820908,9,9,224,103
"-76.93961334",38.91833115,9,9,224,104
"-76.93840027",38.9185791,9,9,224,105
"-76.93798828",38.91867828,9,9,224,106
"-76.93708038",38.91894913,9,9,224,107
"-76.93641663",38.91915894,9,9,224,108
"-76.93591309",38.91936111,9,9,224,109
"-76.93546295",38.91955948,9,9,224,110
"-76.93579865",38.91957092,9,9,224,111
"-76.9360733",38.91955948,9,9,224,112
"-76.93644714",38.91952133,9,9,224,113
"-76.93665314",38.91949081,9,9,224,114
"-76.93697357",38.91941833,9,9,224,115
"-76.93730927",38.9193306,9,9,224,116
"-76.93756104",38.91925812,9,9,224,117
"-76.93798065",38.91910934,9,9,224,118
"-76.93869019",38.91881943,9,9,224,119
"-76.9391098",38.91865921,9,9,224,120
"-76.93940735",38.91856003,9,9,224,121
"-76.93975067",38.91846085,9,9,224,122
"-76.93997955",38.91841125,9,9,224,123
"-76.9402771",38.91835022,9,9,224,124
"-76.94056702",38.91828918,9,9,224,125
"-76.94090271",38.91822815,9,9,224,126
"-76.94132233",38.91817856,9,9,224,127
"-76.94171143",38.91815186,9,9,224,128
"-76.94229126",38.91810989,9,9,224,129
"-76.94277954",38.91809845,9,9,224,130
"-76.94312286",38.91809845,9,9,224,131
"-76.94407654",38.91817093,9,9,224,132
"-76.94445801",38.91820908,9,9,224,133
"-76.94497681",38.91828918,9,9,224,134
"-76.94571686",38.91841888,9,9,224,135
"-76.94615936",38.91849136,9,9,224,136
"-76.94660187",38.91856003,9,9,224,137
"-76.94696808",38.91860962,9,9,224,138
"-76.94696808",38.91860962,9,9,531,1
"-76.94915009",38.91899109,9,9,531,2
"-76.95044708",38.9192009,9,9,531,3
"-76.95101929",38.91926956,9,9,531,4
"-76.95128632",38.91928864,9,9,531,5
"-76.9515686",38.91928864,9,9,531,6
"-76.95189667",38.91928101,9,9,531,7
"-76.95249176",38.91923141,9,9,531,8
"-76.95278931",38.91918182,9,9,531,9
"-76.95307159",38.91912842,9,9,531,10
"-76.95339203",38.91904831,9,9,531,11
"-76.95368195",38.91896057,9,9,531,12
"-76.95420837",38.91873932,9,9,531,13
"-76.95439148",38.91865158,9,9,531,14
"-76.95498657",38.91835022,9,9,531,15
"-76.9550705",38.91830063,9,9,531,16
"-76.9549408",38.91820908,9,9,531,17
"-76.95485687",38.91825867,9,9,531,18
"-76.95442963",38.91846848,9,9,531,19
"-76.95404816",38.91865158,9,9,531,20
"-76.95388031",38.91872025,9,9,531,21
"-76.95355988",38.91884995,9,9,531,22
"-76.95334625",38.91891861,9,9,531,23
"-76.95330811",38.9189415,9,9,531,24
"-76.95307922",38.91899872,9,9,531,25
"-76.95276642",38.91905975,9,9,531,26
"-76.95249939",38.91912079,9,9,531,27
"-76.9521637",38.91915894,9,9,531,28
"-76.95168304",38.91918182,9,9,531,29
"-76.9513092",38.91918182,9,9,531,30
"-76.95081329",38.91913986,9,9,531,31
"-76.9503479",38.9190712,9,9,531,32
"-76.9491806",38.91888046,9,9,531,33
"-76.94715118",38.91854095,9,9,531,34
"-76.94467163",38.91812897,9,9,531,35
"-76.94387817",38.91802979,9,9,531,36
"-76.94317627",38.91799164,9,9,531,37
"-76.94277191",38.91796875,9,9,531,38
"-76.94223785",38.91798019,9,9,531,39
"-76.94174957",38.91801834,9,9,531,40
"-76.94119263",38.91807938,9,9,531,41
"-76.94035339",38.91819,9,9,531,42
"-76.94023132",38.91820908,9,9,531,43
"-76.93961334",38.91833115,9,9,531,44
"-76.93840027",38.9185791,9,9,531,45
"-76.93798828",38.91867828,9,9,531,46
"-76.93692017",38.91888046,9,9,531,47
"-76.93605042",38.91904068,9,9,531,48
"-76.93566895",38.91909027,9,9,531,49
"-76.93496704",38.91912842,9,9,531,50
"-76.93470764",38.91913986,9,9,531,51
"-76.93451691",38.91913986,9,9,531,52
"-76.93415833",38.91910934,9,9,531,53
"-76.93385315",38.91907883,9,9,531,54
"-76.93343353",38.91901016,9,9,531,55
"-76.93302917",38.91891861,9,9,531,56
"-76.9329834",38.91862106,9,9,531,57
"-76.93289948",38.91819,9,9,531,58
"-76.93286896",38.9180603,9,9,531,59
"-76.93283081",38.91786957,9,9,531,60
"-76.93276215",38.9175415,9,9,531,61
"-76.93264008",38.91677856,9,9,531,62
"-76.93258667",38.91651917,9,9,531,63
"-76.93256378",38.91613007,9,9,531,64
"-76.93254089",38.91588974,9,9,531,65
"-76.93254852",38.91559982,9,9,531,66
"-76.93256378",38.91543961,9,9,531,67
"-76.93260193",38.91511917,9,9,531,68
"-76.93269348",38.91463852,9,9,531,69
"-76.93292236",38.91402054,9,9,531,70
"-76.93302917",38.91378021,9,9,531,71
"-76.93321228",38.91347122,9,9,531,72
"-76.93347931",38.91307831,9,9,531,73
"-76.93393707",38.91249847,9,9,531,74
"-76.93405151",38.9123497,9,9,531,75
"-76.93417358",38.91222,9,9,531,76
"-76.9343338",38.91231918,9,9,531,77
"-76.93456268",38.91204834,9,9,531,78
"-76.93480682",38.91178894,9,9,531,79
"-76.93502045",38.91156006,9,9,531,80
"-76.93530273",38.91122818,9,9,531,81
"-76.9355011",38.9109993,9,9,531,82
"-76.93573761",38.91072083,9,9,531,83
"-76.93615723",38.9102211,9,9,531,84
"-76.93660736",38.909729,9,9,531,85
"-76.93668365",38.90966034,9,9,531,86
"-76.93698883",38.90932846,9,9,531,87
"-76.93740082",38.90885925,9,9,531,88
"-76.93740082",38.90885925,9,9,340,1
"-76.93698883",38.90932846,9,9,340,2
"-76.93668365",38.90966034,9,9,340,3
"-76.93660736",38.909729,9,9,340,4
"-76.93681335",38.90979004,9,9,340,5
"-76.93785858",38.91012955,9,9,340,6
"-76.93718719",38.91119003,9,9,340,7
"-76.93788147",38.91144943,9,9,340,8
"-76.93788147",38.91144943,9,9,289,1
"-76.93813324",38.91154861,9,9,289,2
"-76.93843842",38.91167068,9,9,289,3
"-76.93858337",38.91173172,9,9,289,4
"-76.93869781",38.91178131,9,9,289,5
"-76.9389801",38.91188812,9,9,289,6
"-76.93911743",38.91194916,9,9,289,7
"-76.9393692",38.91210175,9,9,289,8
"-76.93972778",38.91249847,9,9,289,9
"-76.94003296",38.91236115,9,9,289,10
"-76.94017029",38.91228867,9,9,289,11
"-76.94072723",38.9119606,9,9,289,12
"-76.94072723",38.9119606,9,9,51,1
"-76.94109344",38.91164017,9,9,51,2
"-76.94136047",38.91128159,9,9,51,3
"-76.94187164",38.91030884,9,9,51,4
"-76.94190979",38.91012955,9,9,51,5
"-76.94191742",38.90961075,9,9,51,6
"-76.94026184",38.9095993,9,9,51,7
"-76.94026184",38.9095993,9,9,398,1
"-76.94191742",38.90961075,9,9,398,2
"-76.94194031",38.90922165,9,9,398,3
"-76.94200897",38.90890121,9,9,398,4
"-76.94217682",38.90855026,9,9,398,5
"-76.94238281",38.90861893,9,9,398,6
"-76.94251251",38.90864182,9,9,398,7
"-76.94259644",38.90864182,9,9,398,8
"-76.94342041",38.90861893,9,9,398,9
"-76.94342041",38.90896988,9,9,398,10
"-76.94342041",38.90896988,9,9,210,1
"-76.94342041",38.90861893,9,9,210,2
"-76.94259644",38.90864182,9,9,210,3
"-76.94251251",38.90864182,9,9,210,4
"-76.94238281",38.90861893,9,9,210,5
"-76.94217682",38.90855026,9,9,210,6
"-76.94200897",38.90890121,9,9,210,7
"-76.94194031",38.90922165,9,9,210,8
"-76.94191742",38.90961075,9,9,210,9
"-76.94190979",38.91012955,9,9,210,10
"-76.94187164",38.91030884,9,9,210,11
"-76.94136047",38.91128159,9,9,210,12
"-76.94109344",38.91164017,9,9,210,13
"-76.94072723",38.9119606,9,9,210,14
"-76.94017029",38.91228867,9,9,210,15
"-76.94003296",38.91236115,9,9,210,16
"-76.94026184",38.91262817,9,9,210,17
"-76.94039154",38.91279984,9,9,210,18
"-76.94010925",38.91305923,9,9,210,19
"-76.94022369",38.91315079,9,9,210,20
"-76.94045258",38.91316986,9,9,210,21
"-76.94061279",38.9131813,9,9,210,22
"-76.94074249",38.91321182,9,9,210,23
"-76.94087219",38.9132309,9,9,210,24
"-76.94098663",38.91321945,9,9,210,25
"-76.94111633",38.91318893,9,9,210,26
"-76.94139862",38.91320038,9,9,210,27
"-76.94165802",38.9131813,9,9,210,28
"-76.94187927",38.91289902,9,9,210,29
"-76.94207764",38.91259003,9,9,210,30
"-76.94220734",38.91255188,9,9,210,31
"-76.94235992",38.91249084,9,9,210,32
"-76.94249725",38.91241837,9,9,210,33
"-76.94258118",38.91233826,9,9,210,34
"-76.94265747",38.91228104,9,9,210,35
"-76.94277191",38.91223145,9,9,210,36
"-76.94287109",38.91223145,9,9,210,37
"-76.94297028",38.91225815,9,9,210,38
"-76.94313812",38.91231918,9,9,210,39
"-76.94313812",38.91231918,9,9,672,1
"-76.94297028",38.91225815,9,9,672,2
"-76.94287109",38.91223145,9,9,672,3
"-76.94277191",38.91223145,9,9,672,4
"-76.94265747",38.91228104,9,9,672,5
"-76.94258118",38.91233826,9,9,672,6
"-76.94249725",38.91241837,9,9,672,7
"-76.94235992",38.91249084,9,9,672,8
"-76.94220734",38.91255188,9,9,672,9
"-76.94207764",38.91259003,9,9,672,10
"-76.94187927",38.91289902,9,9,672,11
"-76.94165802",38.9131813,9,9,672,12
"-76.9417038",38.91328812,9,9,672,13
"-76.94177246",38.91334915,9,9,672,14
"-76.94181061",38.91344833,9,9,672,15
"-76.94187164",38.91352081,9,9,672,16
"-76.94191742",38.9135704,9,9,672,17
"-76.94228363",38.91378021,9,9,672,18
"-76.94230652",38.91384125,9,9,672,19
"-76.94232178",38.91389084,9,9,672,20
"-76.94232178",38.91395187,9,9,672,21
"-76.94229126",38.91402817,9,9,672,22
"-76.9422226",38.91415024,9,9,672,23
"-76.94199371",38.9145813,9,9,672,24
"-76.9419632",38.91464996,9,9,672,25
"-76.94197083",38.91473007,9,9,672,26
"-76.94167328",38.91524124,9,9,672,27
"-76.94167328",38.91532135,9,9,672,28
"-76.94171906",38.91540909,9,9,672,29
"-76.9417572",38.9154892,9,9,672,30
"-76.94184113",38.91555023,9,9,672,31
"-76.94200134",38.9156189,9,9,672,32
"-76.94210052",38.91563034,9,9,672,33
"-76.94223785",38.91561127,9,9,672,34
"-76.94239044",38.91559982,9,9,672,35
"-76.94246674",38.91559982,9,9,672,36
"-76.94254303",38.91564941,9,9,672,37
"-76.94258881",38.91572189,9,9,672,38
"-76.94261932",38.91579056,9,9,672,39
"-76.94271088",38.91601181,9,9,672,40
"-76.94271088",38.91601181,9,9,916,1
"-76.94277954",38.9160881,9,9,916,2
"-76.94297028",38.91611099,9,9,916,3
"-76.94326019",38.91614151,9,9,916,4
"-76.94342804",38.91622925,9,9,916,5
"-76.94351959",38.91625977,9,9,916,6
"-76.94361115",38.91614914,9,9,916,7
"-76.94387817",38.91588974,9,9,916,8
"-76.94409943",38.91572952,9,9,916,9
"-76.9442215",38.91559982,9,9,916,10
"-76.94447327",38.91542053,9,9,916,11
"-76.94458771",38.91521072,9,9,916,12
"-76.94471741",38.91508102,9,9,916,13
"-76.94487762",38.91495895,9,9,916,14
"-76.94493866",38.91479111,9,9,916,15
"-76.94512939",38.91466141,9,9,916,16
"-76.94528198",38.91458893,9,9,916,17
"-76.94542694",38.91455841,9,9,916,18
"-76.94542694",38.91455841,9,9,606,1
"-76.94528198",38.91458893,9,9,606,2
"-76.94512939",38.91466141,9,9,606,3
"-76.94493866",38.91479111,9,9,606,4
"-76.94487762",38.91495895,9,9,606,5
"-76.94471741",38.91508102,9,9,606,6
"-76.94458771",38.91521072,9,9,606,7
"-76.94447327",38.91542053,9,9,606,8
"-76.9442215",38.91559982,9,9,606,9
"-76.94409943",38.91572952,9,9,606,10
"-76.94387817",38.91588974,9,9,606,11
"-76.94361115",38.91614914,9,9,606,12
"-76.94351959",38.91625977,9,9,606,13
"-76.94342804",38.91622925,9,9,606,14
"-76.94326019",38.91614151,9,9,606,15
"-76.94297028",38.91611099,9,9,606,16
"-76.94277954",38.9160881,9,9,606,17
"-76.94271088",38.91601181,9,9,606,18
"-76.94261932",38.91579056,9,9,606,19
"-76.94258881",38.91572189,9,9,606,20
"-76.94254303",38.91564941,9,9,606,21
"-76.94246674",38.91559982,9,9,606,22
"-76.94239044",38.91559982,9,9,606,23
"-76.94223785",38.91561127,9,9,606,24
"-76.94210052",38.91563034,9,9,606,25
"-76.94200134",38.9156189,9,9,606,26
"-76.94184113",38.91555023,9,9,606,27
"-76.9417572",38.9154892,9,9,606,28
"-76.94171906",38.91540909,9,9,606,29
"-76.94167328",38.91532135,9,9,606,30
"-76.94167328",38.91524124,9,9,606,31
"-76.94197083",38.91473007,9,9,606,32
"-76.9419632",38.91464996,9,9,606,33
"-76.94199371",38.9145813,9,9,606,34
"-76.9422226",38.91415024,9,9,606,35
"-76.94229126",38.91402817,9,9,606,36
"-76.94232178",38.91395187,9,9,606,37
"-76.94232178",38.91389084,9,9,606,38
"-76.94230652",38.91384125,9,9,606,39
"-76.94228363",38.91378021,9,9,606,40
"-76.94191742",38.9135704,9,9,606,41
"-76.94187164",38.91352081,9,9,606,42
"-76.94181061",38.91344833,9,9,606,43
"-76.94177246",38.91334915,9,9,606,44
"-76.9417038",38.91328812,9,9,606,45
"-76.94165802",38.9131813,9,9,606,46
"-76.94139862",38.91320038,9,9,606,47
"-76.94111633",38.91318893,9,9,606,48
"-76.94098663",38.91321945,9,9,606,49
"-76.94087219",38.9132309,9,9,606,50
"-76.94074249",38.91321182,9,9,606,51
"-76.94061279",38.9131813,9,9,606,52
"-76.94045258",38.91316986,9,9,606,53
"-76.94022369",38.91315079,9,9,606,54
"-76.94010925",38.91305923,9,9,606,55
"-76.94039154",38.91279984,9,9,606,56
"-76.94026184",38.91262817,9,9,606,57
"-76.94003296",38.91236115,9,9,606,58
"-76.93972778",38.91249847,9,9,606,59
"-76.9392395",38.91271973,9,9,606,60
"-76.93919373",38.9127388,9,9,606,61
"-76.93881989",38.91289139,9,9,606,62
"-76.93869019",38.91276169,9,9,606,63
"-76.93855286",38.91270828,9,9,606,64
"-76.93797302",38.91249084,9,9,606,65
"-76.93785858",38.91255188,9,9,606,66
"-76.93775177",38.91262817,9,9,606,67
"-76.93753815",38.91247177,9,9,606,68
"-76.93707275",38.91218185,9,9,606,69
"-76.93670654",38.91194916,9,9,606,70
"-76.93530273",38.91122818,9,9,606,71
"-76.93502045",38.91156006,9,9,606,72
"-76.93480682",38.91178894,9,9,606,73
"-76.93456268",38.91204834,9,9,606,74
"-76.9343338",38.91231918,9,9,606,75
"-76.93417358",38.91222,9,9,606,76
"-76.93403625",38.91215134,9,9,606,77
"-76.93396759",38.91210175,9,9,606,78
"-76.9336319",38.91186142,9,9,606,79
"-76.93360138",38.91183853,9,9,606,80
"-76.93338013",38.91167068,9,9,606,81
"-76.93334961",38.91165161,9,9,606,82
"-76.93306732",38.9114418,9,9,606,83
"-76.93302917",38.91141129,9,9,606,84
"-76.93273926",38.91117096,9,9,606,85
"-76.93213654",38.91067886,9,9,606,86
"-76.93205261",38.9106102,9,9,606,87
"-76.93199921",38.91056824,9,9,606,88
"-76.93195343",38.91053009,9,9,606,89
"-76.93167114",38.91032028,9,9,606,90
"-76.93138885",38.9101181,9,9,606,91
"-76.93164062",38.90993118,9,9,606,92
"-76.93200684",38.90964127,9,9,606,93
"-76.93225861",38.90943909,9,9,606,94
"-76.93253326",38.90922928,9,9,606,95
"-76.93225861",38.90901184,9,9,606,96
"-76.93196106",38.90877151,9,9,606,97
"-76.93192291",38.90872955,9,9,606,98
"-76.9316864",38.90851974,9,9,606,99
"-76.93166351",38.90832901,9,9,606,100
"-76.93166351",38.90797043,9,9,606,101
"-76.93164825",38.9072113,9,9,606,102
"-76.93164825",38.9072113,9,9,441,1
"-76.93164825",38.90708923,9,9,441,2
"-76.93164825",38.90682983,9,9,441,3
"-76.93164825",38.90607071,9,9,441,4
"-76.93164825",38.9054718,9,9,441,5
"-76.93164825",38.90465927,9,9,441,6
"-76.93166351",38.90304184,9,9,441,7
"-76.93164062",38.90147018,9,9,441,8
"-76.93166351",38.89973831,9,9,441,9
"-76.93089294",38.89992142,9,9,441,10
"-76.93089294",38.89992142,9,9,933,1
"-76.93054962",38.89997864,9,9,933,2
"-76.9302063",38.90000916,9,9,933,3
"-76.92958069",38.90002823,9,9,933,4
"-76.92958069",38.90002823,9,9,566,1
"-76.92958069",38.89968872,9,9,566,2
"-76.92957306",38.89834976,9,9,566,3
"-76.92971802",38.89834976,9,9,566,4
"-76.92980194",38.89783859,9,9,566,5
"-76.92983246",38.89760971,9,9,566,6
"-76.92987061",38.89702988,9,9,566,7
"-76.92987823",38.89665985,9,9,566,8
"-76.92984772",38.89622116,9,9,566,9
"-76.93002319",38.89625931,9,9,566,10
"-76.93002319",38.89625931,9,9,824,1
"-76.92984772",38.89622116,9,9,824,2
"-76.929039",38.89619827,9,9,824,3
"-76.9287262",38.8961792,9,9,824,4
"-76.92858124",38.89612961,9,9,824,5
"-76.92845917",38.89606094,9,9,824,6
"-76.92830658",38.89590836,9,9,824,7
"-76.92785645",38.89519882,9,9,824,8
"-76.92799377",38.89466858,9,9,824,9
"-76.92826843",38.8939209,9,9,824,10
"-76.92832947",38.89384079,9,9,824,11
"-76.92842102",38.89376831,9,9,824,12
"-76.9285202",38.89371109,9,9,824,13
"-76.92870331",38.8936615,9,9,824,14
"-76.92887878",38.89363861,9,9,824,15
"-76.92928314",38.89360046,9,9,824,16
"-76.9299469",38.8935585,9,9,824,17
"-76.9299469",38.8935585,9,9,54,1
"-76.93003082",38.89221954,9,9,54,2
"-76.93003845",38.89186096,9,9,54,3
"-76.93112183",38.89186859,9,9,54,4
"-76.93154144",38.89186859,9,9,54,5
"-76.9316864",38.89133835,9,9,54,6
"-76.93177795",38.8907814,9,9,54,7
"-76.9329071",38.89075851,9,9,54,8
"-76.93292236",38.89041901,9,9,54,9
"-76.9329071",38.89022064,9,9,54,10
"-76.93289948",38.89012909,9,9,54,11
"-76.93289948",38.89012909,9,9,452,1
"-76.93279266",38.88983154,9,9,452,2
"-76.93441772",38.88983154,9,9,452,3
"-76.93486023",38.8898201,9,9,452,4
"-76.93486023",38.8898201,9,9,411,1
"-76.93528748",38.8898201,9,9,411,2
"-76.93556213",38.88983154,9,9,411,3
"-76.93573761",38.88983917,9,9,411,4
"-76.93611145",38.88986969,9,9,411,5
"-76.93624878",38.88986969,9,9,411,6
"-76.93692017",38.88986969,9,9,411,7
"-76.93759918",38.88988113,9,9,411,8
"-76.93763733",38.88996887,9,9,411,9
"-76.93766785",38.89004898,9,9,411,10
"-76.93755341",38.89007187,9,9,411,11
"-76.93724823",38.89011002,9,9,411,12
"-76.93726349",38.89049149,9,9,411,13
"-76.93726349",38.8905983,9,9,411,14
"-76.93726349",38.8905983,9,9,842,1
"-76.93746948",38.89072037,9,9,842,2
"-76.9376297",38.89081955,9,9,842,3
"-76.93778229",38.8909111,9,9,842,4
"-76.9377594",38.89094925,9,9,842,5
"-76.93773651",38.89105988,9,9,842,6
"-76.93775177",38.89139938,9,9,842,7
"-76.9377594",38.89188004,9,9,842,8
"-76.93775177",38.89263153,9,9,842,9
"-76.9377594",38.89324951,9,9,842,10
"-76.93731689",38.89318085,9,9,842,11
"-76.93731689",38.89318085,9,9,324,1
"-76.93679047",38.89310837,9,9,324,2
"-76.93650055",38.89308167,9,9,324,3
"-76.93614197",38.8930397,9,9,324,4
"-76.93585205",38.89300919,9,9,324,5
"-76.93585205",38.89300919,9,9,332,1
"-76.93614197",38.8930397,9,9,332,2
"-76.93650055",38.89308167,9,9,332,3
"-76.93679047",38.89310837,9,9,332,4
"-76.93731689",38.89318085,9,9,332,5
"-76.9377594",38.89324951,9,9,332,6
"-76.93846893",38.89334106,9,9,332,7
"-76.93917084",38.8934288,9,9,332,8
"-76.93917084",38.89411163,9,9,332,9
"-76.93919373",38.89482117,9,9,332,10
"-76.93920135",38.89530945,9,9,332,11
"-76.93920135",38.89554977,9,9,332,12
"-76.93917847",38.89675903,9,9,332,13
"-76.93917847",38.89675903,9,9,682,1
"-76.93917847",38.89751816,9,9,682,2
"-76.93917847",38.89834976,9,9,682,3
"-76.93917847",38.89865112,9,9,682,4
"-76.93919373",38.89897156,9,9,682,5
"-76.93919373",38.89905167,9,9,682,6
"-76.93920135",38.89960861,9,9,682,7
"-76.93920135",38.89971924,9,9,682,8
"-76.94061279",38.89973068,9,9,682,9
"-76.94061279",38.89973068,9,9,506,1
"-76.94077301",38.89981842,9,9,506,2
"-76.94085693",38.89987183,9,9,506,3
"-76.94093323",38.89995956,9,9,506,4
"-76.94096375",38.90005112,9,9,506,5
"-76.94098663",38.9001503,9,9,506,6
"-76.94104004",38.90023041,9,9,506,7
"-76.94107056",38.90036011,9,9,506,8
"-76.94113922",38.90050888,9,9,506,9
"-76.94235229",38.90052032,9,9,506,10
"-76.94258881",38.90052032,9,9,506,11
"-76.94258881",38.89971924,9,9,506,12
"-76.94259644",38.89905167,9,9,506,13
"-76.94316101",38.89907837,9,9,506,14
"-76.94316101",38.89907837,9,9,259,1
"-76.94619751",38.8990593,9,9,259,2
"-76.94619751",38.8990593,9,9,838,1
"-76.94535065",38.89971924,9,9,838,2
"-76.94434357",38.9005394,9,9,838,3
"-76.94376373",38.90100861,9,9,838,4
"-76.94345856",38.9012413,9,9,838,5
"-76.94313049",38.90148926,9,9,838,6
"-76.94293976",38.9016304,9,9,838,7
"-76.94261169",38.90190887,9,9,838,8
"-76.94290924",38.90203094,9,9,838,9
"-76.94300079",38.90206909,9,9,838,10
"-76.94306946",38.90209961,9,9,838,11
"-76.94322205",38.90216064,9,9,838,12
"-76.94332123",38.90219879,9,9,838,13
"-76.94361877",38.90233994,9,9,838,14
"-76.94277191",38.90304947,9,9,838,15
"-76.94174957",38.90388107,9,9,838,16
"-76.94107819",38.90439987,9,9,838,17
"-76.94077301",38.90465164,9,9,838,18
"-76.94077301",38.90465164,9,9,488,1
"-76.9406662",38.90473175,9,9,488,2
"-76.94042969",38.90496826,9,9,488,3
"-76.94029236",38.90510941,9,9,488,4
"-76.94029236",38.90510941,9,9,347,1
"-76.94020844",38.90520096,9,9,347,2
"-76.94013214",38.90530014,9,9,347,3
"-76.93956757",38.90594864,9,9,347,4
"-76.93946075",38.90607071,9,9,347,5
"-76.93914795",38.90644836,9,9,347,6
"-76.93890381",38.90673828,9,9,347,7
"-76.93849182",38.90719986,9,9,347,8
"-76.93824768",38.9074707,9,9,347,9
"-76.93704987",38.90882874,9,9,347,10
"-76.93688202",38.90903091,9,9,347,11
"-76.93678284",38.90914154,9,9,347,12
"-76.93673706",38.90919113,9,9,347,13
"-76.93659973",38.90935135,9,9,347,14
"-76.936409",38.90956116,9,9,347,15
"-76.93596649",38.91004944,9,9,347,16
"-76.93538666",38.91070938,9,9,347,17
"-76.93492126",38.91123962,9,9,347,18
"-76.93425751",38.91191864,9,9,347,19
"-76.93403625",38.91215134,9,9,347,20
"-76.93417358",38.91222,9,9,347,21
"-76.93437958",38.91199112,9,9,347,22
"-76.93521881",38.91109085,9,9,347,23
"-76.93573761",38.91051102,9,9,347,24
"-76.9360733",38.91011047,9,9,347,25
"-76.93653107",38.90961075,9,9,347,26
"-76.93678284",38.90932846,9,9,347,27
"-76.93699646",38.90908813,9,9,347,28
"-76.93717194",38.90890121,9,9,347,29
"-76.93734741",38.90869904,9,9,347,30
"-76.93814087",38.90779877,9,9,347,31
"-76.93837738",38.90753174,9,9,347,32
"-76.93865967",38.9072113,9,9,347,33
"-76.93888855",38.9069519,9,9,347,34
"-76.93901825",38.90679932,9,9,347,35
"-76.93927765",38.90650177,9,9,347,36
"-76.94026947",38.9054184,9,9,347,37
"-76.94035339",38.90533829,9,9,347,38
"-76.94055939",38.90513992,9,9,347,39
"-76.9413681",38.90449905,9,9,347,40
"-76.94172668",38.90423965,9,9,347,41
"-76.94185638",38.90412903,9,9,347,42
"-76.94242096",38.90367889,9,9,347,43
"-76.94277191",38.90351105,9,9,347,44
"-76.94306946",38.90333939,9,9,347,45
"-76.94319153",38.90327835,9,9,347,46
"-76.94329834",38.9032402,9,9,347,47
"-76.9434433",38.90319824,9,9,347,48
"-76.943573",38.90314865,9,9,347,49
"-76.94376373",38.90309906,9,9,347,50
"-76.94400787",38.9030304,9,9,347,51
"-76.94413757",38.90296936,9,9,347,52
"-76.94425964",38.90288162,9,9,347,53
"-76.9443512",38.90277863,9,9,347,54
"-76.94464111",38.90293884,9,9,347,55
"-76.94487762",38.90274811,9,9,347,56
"-76.94510651",38.90256119,9,9,347,57
"-76.94571686",38.90208054,9,9,347,58
"-76.94613647",38.9025116,9,9,347,59
"-76.9462738",38.90280914,9,9,347,60
"-76.9463501",38.90306854,9,9,347,61
"-76.94638824",38.90314865,9,9,347,62
"-76.9465332",38.90314102,9,9,347,63
"-76.94657898",38.90311813,9,9,347,64
"-76.94664001",38.90309143,9,9,347,65
"-76.94667053",38.90304184,9,9,347,66
"-76.94698334",38.90243149,9,9,347,67
"-76.94705963",38.90237045,9,9,347,68
"-76.94680023",38.90216064,9,9,347,69
"-76.9467926",38.90211105,9,9,347,70
"-76.94680023",38.90205002,9,9,347,71
"-76.94680786",38.90200043,9,9,347,72
"-76.94683838",38.90198135,9,9,347,73
"-76.9469223",38.90195084,9,9,347,74
"-76.94696808",38.90193939,9,9,347,75
"-76.94703674",38.90195847,9,9,347,76
"-76.94703674",38.90195847,9,9,434,1
"-76.94712067",38.90200043,9,9,434,2
"-76.94725037",38.90209961,9,9,434,3
"-76.94734955",38.90219116,9,9,434,4
"-76.94769287",38.90248108,9,9,434,5
"-76.94801331",38.90274811,9,9,434,6
"-76.94808197",38.90269089,9,9,434,7
"-76.94812012",38.90261841,9,9,434,8
"-76.94850159",38.90187836,9,9,434,9
"-76.94863892",38.90177155,9,9,434,10
"-76.94875336",38.90185928,9,9,434,11
"-76.94921112",38.90224075,9,9,434,12
"-76.94992065",38.90166855,9,9,434,13
"-76.95085907",38.9009285,9,9,434,14
"-76.95140839",38.90134811,9,9,434,15
"-76.95194244",38.90093994,9,9,434,16
"-76.95194244",38.90093994,9,9,844,1
"-76.95304108",38.90008163,9,9,844,2
"-76.95304108",38.90008163,9,9,163,1
"-76.9524765",38.89966965,9,9,163,2
"-76.95131683",38.89870834,9,9,163,3
"-76.95065308",38.89823914,9,9,163,4
"-76.94995117",38.89768982,9,9,163,5
"-76.95094299",38.89688873,9,9,163,6
"-76.95166779",38.8963089,9,9,163,7
"-76.95175934",38.89622116,9,9,163,8
"-76.95181274",38.89617157,9,9,163,9
"-76.95184326",38.89611816,9,9,163,10
"-76.95185852",38.89606094,9,9,163,11
"-76.95185089",38.89603043,9,9,163,12
"-76.95181274",38.89598083,9,9,163,13
"-76.95172882",38.89596176,9,9,163,14
"-76.95163727",38.89596939,9,9,163,15
"-76.95150757",38.8960495,9,9,163,16
"-76.95127106",38.89625168,9,9,163,17
"-76.95121765",38.89630127,9,9,163,18
"-76.95104218",38.89646149,9,9,163,19
"-76.95068359",38.89678955,9,9,163,20
"-76.95033264",38.89707947,9,9,163,21
"-76.95014954",38.89720917,9,9,163,22
"-76.94996643",38.89731979,9,9,163,23
"-76.94962311",38.89762115,9,9,163,24
"-76.94937134",38.89781189,9,9,163,25
"-76.94883728",38.89820099,9,9,163,26
"-76.94883728",38.89820099,9,9,941,1
"-76.94872284",38.89830017,9,9,941,2
"-76.9480896",38.89881134,9,9,941,3
"-76.94754791",38.89923096,9,9,941,4
"-76.94689178",38.89973831,9,9,941,5
"-76.9463501",38.90016174,9,9,941,6
"-76.94611359",38.90034866,9,9,941,7
"-76.9458313",38.90047836,9,9,941,8
"-76.94561768",38.90063858,9,9,941,9
"-76.94547272",38.90074921,9,9,941,10
"-76.94494629",38.90119171,9,9,941,11
"-76.94451904",38.90156174,9,9,941,12
"-76.94441986",38.90164948,9,9,941,13
"-76.94406891",38.90195084,9,9,941,14
"-76.94361877",38.90233994,9,9,941,15
"-76.94332123",38.90219879,9,9,941,16
"-76.94322205",38.90216064,9,9,941,17
"-76.94306946",38.90209961,9,9,941,18
"-76.94300079",38.90206909,9,9,941,19
"-76.94290924",38.90203094,9,9,941,20
"-76.94261169",38.90190887,9,9,941,21
"-76.9418869",38.9016304,9,9,941,22
"-76.94149017",38.90148163,9,9,941,23
"-76.94093323",38.90126038,9,9,941,24
"-76.94020081",38.90095901,9,9,941,25
"-76.93982697",38.90081024,9,9,941,26
"-76.93966675",38.90074921,9,9,941,27
"-76.93917847",38.90055084,9,9,941,28
"-76.93919373",38.90087891,9,9,941,29
"-76.93920135",38.90148163,9,9,941,30
"-76.93846893",38.90148163,9,9,941,31
"-76.93757629",38.90148163,9,9,941,32
"-76.93708038",38.90147018,9,9,941,33
"-76.93656921",38.90148163,9,9,941,34
"-76.93592072",38.90147018,9,9,941,35
"-76.93562317",38.90147018,9,9,941,36
"-76.93562317",38.90147018,9,9,717,1
"-76.93592072",38.90147018,9,9,717,2
"-76.93656921",38.90148163,9,9,717,3
"-76.93657684",38.90065002,9,9,717,4
"-76.93657684",38.89987946,9,9,717,5
"-76.93615723",38.89971924,9,9,717,6
"-76.93592834",38.89970016,9,9,717,7
"-76.93592834",38.89970016,9,9,818,1
"-76.93374634",38.89971924,9,9,818,2
"-76.93269348",38.89971924,9,9,818,3
"-76.93199158",38.89971161,9,9,818,4
"-76.93180847",38.89971924,9,9,818,5
"-76.93173218",38.89973068,9,9,818,6
"-76.93166351",38.89973831,9,9,818,7
"-76.93089294",38.89992142,9,9,818,8
"-76.93054962",38.89997864,9,9,818,9
"-76.9302063",38.90000916,9,9,818,10
"-76.92958069",38.90002823,9,9,818,11
"-76.92926025",38.9000206,9,9,818,12
"-76.92897034",38.89999008,9,9,818,13
"-76.9285202",38.89989853,9,9,818,14
"-76.9285202",38.90061951,9,9,818,15
"-76.9285202",38.90076065,9,9,818,16
"-76.92839813",38.90089035,9,9,818,17
"-76.92826843",38.90103912,9,9,818,18
"-76.92781067",38.90132141,9,9,818,19
"-76.92767334",38.90142822,9,9,818,20
"-76.92764282",38.90148163,9,9,818,21
"-76.9276123",38.90156174,9,9,818,22
"-76.92759705",38.90182114,9,9,818,23
"-76.92662048",38.90182114,9,9,818,24
"-76.92563629",38.90184021,9,9,818,25
"-76.9256134",38.90184021,9,9,818,26
"-76.92527008",38.90280151,9,9,818,27
"-76.92404938",38.90287018,9,9,818,28
"-76.92392731",38.90319824,9,9,818,29
"-76.9238205",38.90346146,9,9,818,30
"-76.9238205",38.90346146,9,9,24,1
"-76.92392731",38.90319824,9,9,24,2
"-76.92404938",38.90287018,9,9,24,3
"-76.92427826",38.90221024,9,9,24,4
"-76.92447662",38.9016304,9,9,24,5
"-76.92456818",38.90139008,9,9,24,6
"-76.92471313",38.90100098,9,9,24,7
"-76.92320251",38.90068054,9,9,24,8
"-76.92305756",38.90061951,9,9,24,9
"-76.92289734",38.90052032,9,9,24,10
"-76.92281342",38.90044022,9,9,24,11
"-76.92182159",38.89965057,9,9,24,12
"-76.92185974",38.89960098,9,9,24,13
"-76.92188263",38.89949036,9,9,24,14
"-76.92188263",38.89941025,9,9,24,15
"-76.92188263",38.89910889,9,9,24,16
"-76.92189026",38.89836121,9,9,24,17
"-76.92050171",38.89836121,9,9,24,18
"-76.91915894",38.89836884,9,9,24,19
"-76.91915131",38.89712143,9,9,24,20
"-76.91915131",38.89712143,9,9,255,1
"-76.92050171",38.89712906,9,9,255,2
"-76.92050934",38.89580154,9,9,255,3
"-76.92050934",38.89580154,9,9,605,1
"-76.91915131",38.89580917,9,9,605,2
"-76.91915131",38.8964119,9,9,605,3
"-76.91915131",38.8964119,9,9,375,1
"-76.91915131",38.89580917,9,9,375,2
"-76.91777039",38.89580154,9,9,375,3
"-76.91638947",38.89580154,9,9,375,4
"-76.91638947",38.89580154,9,9,294,1
"-76.91503906",38.89580917,9,9,294,2
"-76.91503906",38.89561844,9,9,294,3
"-76.91503906",38.89538956,9,9,294,4
"-76.91503906",38.89498901,9,9,294,5
"-76.91503906",38.89498901,9,9,568,1
"-76.91503906",38.89445114,9,9,568,2
"-76.91465759",38.89447021,9,9,568,3
"-76.91414642",38.89445877,9,9,568,4
"-76.91365814",38.89445877,9,9,568,5
"-76.91356659",38.89445114,9,9,568,6
"-76.91338348",38.8944397,9,9,568,7
"-76.9131012",38.89442825,9,9,568,8
"-76.91274261",38.89442062,9,9,568,9
"-76.91246796",38.89440155,9,9,568,10
"-76.91236877",38.89437103,9,9,568,11
"-76.91226959",38.89434814,9,9,568,12
"-76.91123199",38.89432144,9,9,568,13
"-76.91166687",38.89466095,9,9,568,14
"-76.91166687",38.89466095,9,9,164,1
"-76.91123199",38.89432144,9,9,164,2
"-76.91226959",38.89434814,9,9,164,3
"-76.91227722",38.89358139,9,9,164,4
"-76.91229248",38.89287186,9,9,164,5
"-76.91229248",38.89287186,9,9,505,1
"-76.91365814",38.89287949,9,9,505,2
"-76.91503143",38.89289093,9,9,505,3
"-76.91638947",38.89287949,9,9,505,4
"-76.91668701",38.89287949,9,9,505,5
"-76.91689301",38.89287949,9,9,505,6
"-76.91705322",38.89292145,9,9,505,7
"-76.91719055",38.89294815,9,9,505,8
"-76.91777039",38.89323044,9,9,505,9
"-76.91777039",38.89292908,9,9,505,10
"-76.91857147",38.89289093,9,9,505,11
"-76.9184494",38.8935585,9,9,505,12
"-76.91893005",38.89371109,9,9,505,13
"-76.91902161",38.89373016,9,9,505,14
"-76.91908264",38.89374161,9,9,505,15
"-76.9193573",38.89379883,9,9,505,16
"-76.91970825",38.89387131,9,9,505,17
"-76.91990662",38.89390945,9,9,505,18
"-76.92014313",38.89395905,9,9,505,19
"-76.92048645",38.89403915,9,9,505,20
"-76.92076111",38.89410019,9,9,505,21
"-76.92112732",38.8941803,9,9,505,22
"-76.92154694",38.89427948,9,9,505,23
"-76.92186737",38.89434052,9,9,505,24
"-76.92188263",38.89408112,9,9,505,25
"-76.92188263",38.89389038,9,9,505,26
"-76.92191315",38.89374161,9,9,505,27
"-76.92195129",38.89360046,9,9,505,28
"-76.92207336",38.89331055,9,9,505,29
"-76.92218018",38.89300156,9,9,505,30
"-76.92218018",38.89300156,9,9,94,1
"-76.92225647",38.89279175,9,9,94,2
"-76.92275238",38.89133835,9,9,94,3
"-76.92281342",38.89120865,9,9,94,4
"-76.9229126",38.8909111,9,9,94,5
"-76.92292023",38.89075851,9,9,94,6
"-76.9229126",38.8898201,9,9,94,7
"-76.92391968",38.8898201,9,9,94,8
"-76.92498016",38.8898201,9,9,94,9
"-76.92549896",38.8898201,9,9,94,10
"-76.92603302",38.88980865,9,9,94,11
"-76.92603302",38.88970947,9,9,94,12
"-76.92498016",38.88970947,9,9,94,13
"-76.92394257",38.88970947,9,9,94,14
"-76.92350769",38.88970947,9,9,94,15
"-76.92350769",38.88970947,9,9,757,1
"-76.92288208",38.88970947,9,9,757,2
"-76.9227066",38.88919067,9,9,757,3
"-76.92233276",38.88771057,9,9,757,4
"-76.92201996",38.8864212,9,9,757,5
"-76.92180634",38.88640976,9,9,757,6
"-76.92144012",38.88636017,9,9,757,7
"-76.92144012",38.88636017,9,9,846,1
"-76.92180634",38.88640976,9,9,846,2
"-76.92201996",38.8864212,9,9,846,3
"-76.92310333",38.88645172,9,9,846,4
"-76.92339325",38.88650131,9,9,846,5
"-76.92357635",38.88576126,9,9,846,6
"-76.92344666",38.88571167,9,9,846,7
"-76.92344666",38.88571167,9,9,171,1
"-76.92357635",38.88576126,9,9,171,2
"-76.92373657",38.88507843,9,9,171,3
"-76.92388153",38.88439941,9,9,171,4
"-76.92404175",38.88373184,9,9,171,5
"-76.92418671",38.88304138,9,9,171,6
"-76.92642212",38.88335037,9,9,171,7
"-76.92642212",38.88335037,9,9,600,1
"-76.92627716",38.88401031,9,9,600,2
"-76.92855072",38.88431931,9,9,600,3
"-76.92957306",38.88446045,9,9,600,4
"-76.9307785",38.88462067,9,9,600,5
"-76.93132782",38.88468933,9,9,600,6
"-76.93183899",38.88476181,9,9,600,7
"-76.93213654",38.88478851,9,9,600,8
"-76.93232727",38.8848381,9,9,600,9
"-76.93238068",38.88486099,9,9,600,10
"-76.93247223",38.88492966,9,9,600,11
"-76.93269348",38.88523102,9,9,600,12
"-76.9329071",38.88560104,9,9,600,13
"-76.93295288",38.88560867,9,9,600,14
"-76.93393707",38.8857193,9,9,600,15
"-76.93592072",38.88597107,9,9,600,16
"-76.93605042",38.88626862,9,9,600,17
"-76.93615723",38.88653946,9,9,600,18
"-76.93634796",38.88697815,9,9,600,19
"-76.93659973",38.88758087,9,9,600,20
"-76.93685913",38.88819885,9,9,600,21
"-76.93689728",38.88827896,9,9,600,22
"-76.93695831",38.88840103,9,9,600,23
"-76.93710327",38.8887291,9,9,600,24
"-76.93721771",38.88903046,9,9,600,25
"-76.93731689",38.88927078,9,9,600,26
"-76.9375",38.88967133,9,9,600,27
"-76.93759918",38.88988113,9,9,600,28
"-76.93763733",38.88996887,9,9,600,29
"-76.93766785",38.89004898,9,9,600,30
"-76.93773651",38.89020157,9,9,600,31
"-76.93778229",38.89025879,9,9,600,32
"-76.93784332",38.89035034,9,9,600,33
"-76.93786621",38.89039993,9,9,600,34
"-76.93804932",38.89062119,9,9,600,35
"-76.93817902",38.89075851,9,9,600,36
"-76.93830109",38.89088821,9,9,600,37
"-76.93846893",38.8910408,9,9,600,38
"-76.9387207",38.89123154,9,9,600,39
"-76.93920135",38.89152908,9,9,600,40
"-76.94008636",38.89191055,9,9,600,41
"-76.94094849",38.89226913,9,9,600,42
"-76.94258881",38.89292908,9,9,600,43
"-76.94258118",38.89385986,9,9,600,44
"-76.94257355",38.89456177,9,9,600,45
"-76.94258881",38.89524078,9,9,600,46
"-76.94258881",38.89598083,9,9,600,47
"-76.94275665",38.89588928,9,9,600,48
"-76.94281769",38.89572144,9,9,600,49
"-76.94287109",38.89559174,9,9,600,50
"-76.94281006",38.89542007,9,9,600,51
"-76.94280243",38.89525986,9,9,600,52
"-76.94287872",38.89501953,9,9,600,53
"-76.94284058",38.8948288,9,9,600,54
"-76.94281769",38.89448929,9,9,600,55
"-76.94293213",38.89431,9,9,600,56
"-76.94313049",38.89405823,9,9,600,57
"-76.94338226",38.89387894,9,9,600,58
"-76.94358826",38.89371109,9,9,600,59
"-76.94358826",38.89371109,9,9,35,1
"-76.94338226",38.89387894,9,9,35,2
"-76.94313049",38.89405823,9,9,35,3
"-76.94293213",38.89431,9,9,35,4
"-76.94281769",38.89448929,9,9,35,5
"-76.94284058",38.8948288,9,9,35,6
"-76.94287872",38.89501953,9,9,35,7
"-76.94280243",38.89525986,9,9,35,8
"-76.94281006",38.89542007,9,9,35,9
"-76.94287109",38.89559174,9,9,35,10
"-76.94281769",38.89572144,9,9,35,11
"-76.94275665",38.89588928,9,9,35,12
"-76.94258881",38.89598083,9,9,35,13
"-76.94258118",38.89677048,9,9,35,14
"-76.94258118",38.89751053,9,9,35,15
"-76.94258881",38.89836884,9,9,35,16
"-76.94259644",38.89905167,9,9,35,17
"-76.94258881",38.89971924,9,9,35,18
"-76.94258881",38.90052032,9,9,35,19
"-76.94235229",38.90052032,9,9,35,20
"-76.94239807",38.90069962,9,9,35,21
"-76.94245911",38.90090179,9,9,35,22
"-76.94248962",38.90110016,9,9,35,23
"-76.94246674",38.901371,9,9,35,24
"-76.94245911",38.90148926,9,9,35,25
"-76.94242096",38.90153885,9,9,35,26
"-76.94238281",38.90161133,9,9,35,27
"-76.94239044",38.90166092,9,9,35,28
"-76.94242859",38.90169907,9,9,35,29
"-76.94261169",38.90190887,9,9,35,30
"-76.94290924",38.90203094,9,9,35,31
"-76.94300079",38.90206909,9,9,35,32
"-76.94306946",38.90209961,9,9,35,33
"-76.94322205",38.90216064,9,9,35,34
"-76.94332123",38.90219879,9,9,35,35
"-76.94361877",38.90233994,9,9,35,36
"-76.9437027",38.90238953,9,9,35,37
"-76.94380951",38.90245819,9,9,35,38
"-76.94403076",38.90225983,9,9,35,39
"-76.94461823",38.90177917,9,9,35,40
"-76.94513702",38.90132904,9,9,35,41
"-76.94573975",38.9007988,9,9,35,42
"-76.94586182",38.90069962,9,9,35,43
"-76.94613647",38.9005394,9,9,35,44
"-76.94680023",38.90018082,9,9,35,45
"-76.94718933",38.90053177,9,9,35,46
"-76.9474411",38.90076065,9,9,35,47
"-76.94763947",38.9009285,9,9,35,48
"-76.94803619",38.90126038,9,9,35,49
"-76.94863892",38.90177155,9,9,35,50
"-76.94875336",38.90185928,9,9,35,51
"-76.94921112",38.90224075,9,9,35,52
"-76.94940186",38.90240097,9,9,35,53
"-76.94956207",38.90253067,9,9,35,54
"-76.94972992",38.90267181,9,9,35,55
"-76.95005035",38.90296173,9,9,35,56
"-76.95023346",38.90311813,9,9,35,57
"-76.95037079",38.90322876,9,9,35,58
"-76.95156097",38.90423965,9,9,35,59
"-76.95207214",38.90467834,9,9,35,60
"-76.95258331",38.90510941,9,9,35,61
"-76.95274353",38.90533829,9,9,35,62
"-76.95278168",38.90544128,9,9,35,63
"-76.95284271",38.90559006,9,9,35,64
"-76.95284271",38.90559006,9,9,52,1
"-76.9520874",38.90576935,9,9,52,2
"-76.95202637",38.90575027,9,9,52,3
"-76.95152283",38.9058609,9,9,52,4
"-76.95153046",38.90592957,9,9,52,5
"-76.95143127",38.90594101,9,9,52,6
"-76.95130157",38.90597916,9,9,52,7
"-76.95121765",38.9059906,9,9,52,8
"-76.95101166",38.90610886,9,9,52,9
"-76.95094299",38.90605927,9,9,52,10
"-76.95072174",38.90589142,9,9,52,11
"-76.95057678",38.90597916,9,9,52,12
"-76.95018768",38.90615082,9,9,52,13
"-76.9498291",38.90629959,9,9,52,14
"-76.94970703",38.90634155,9,9,52,15
"-76.94965363",38.9063797,9,9,52,16
"-76.94946289",38.90641022,9,9,52,17
"-76.94931793",38.90594864,9,9,52,18
"-76.94924164",38.90581894,9,9,52,19
"-76.94915771",38.90568924,9,9,52,20
"-76.9490509",38.90557861,9,9,52,21
"-76.94876862",38.90530014,9,9,52,22
"-76.94870758",38.90533829,9,9,52,23
"-76.94866943",38.90539169,9,9,52,24
"-76.94863129",38.90549088,9,9,52,25
"-76.94857025",38.90555954,9,9,52,26
"-76.94827271",38.90570831,9,9,52,27
"-76.94815063",38.90576172,9,9,52,28
"-76.94801331",38.90581131,9,9,52,29
"-76.94786835",38.90584183,9,9,52,30
"-76.94772339",38.90586853,9,9,52,31
"-76.94750214",38.90594101,9,9,52,32
"-76.94786072",38.90634918,9,9,52,33
"-76.94831848",38.9069519,9,9,52,34
"-76.9487381",38.90748978,9,9,52,35
"-76.94908905",38.90790939,9,9,52,36
"-76.94944763",38.90822983,9,9,52,37
"-76.94976807",38.90845871,9,9,52,38
"-76.95011139",38.90866852,9,9,52,39
"-76.95052338",38.90885162,9,9,52,40
"-76.95092773",38.90895844,9,9,52,41
"-76.95133209",38.90904999,9,9,52,42
"-76.95133209",38.90904999,9,9,9,1
"-76.95092773",38.90895844,9,9,9,2
"-76.95052338",38.90885162,9,9,9,3
"-76.95011139",38.90866852,9,9,9,4
"-76.94976807",38.90845871,9,9,9,5
"-76.94944763",38.90822983,9,9,9,6
"-76.94908905",38.90790939,9,9,9,7
"-76.9487381",38.90748978,9,9,9,8
"-76.94831848",38.9069519,9,9,9,9
"-76.94786072",38.90634918,9,9,9,10
"-76.94750214",38.90594101,9,9,9,11
"-76.94663239",38.90494919,9,9,9,12
"-76.94651794",38.90480042,9,9,9,13
"-76.94553375",38.90365982,9,9,9,14
"-76.94521332",38.90335846,9,9,9,15
"-76.94525146",38.90332031,9,9,9,16
"-76.94526672",38.90327072,9,9,9,17
"-76.94525146",38.90322113,9,9,9,18
"-76.94521332",38.90317917,9,9,9,19
"-76.94513702",38.90317154,9,9,9,20
"-76.94506836",38.90317917,9,9,9,21
"-76.94503021",38.90322113,9,9,9,22
"-76.94464111",38.90293884,9,9,9,23
"-76.9443512",38.90277863,9,9,9,24
"-76.9440918",38.90262985,9,9,9,25
"-76.94380951",38.90245819,9,9,9,26
"-76.9437027",38.90238953,9,9,9,27
"-76.94361877",38.90233994,9,9,9,28
"-76.94332123",38.90219879,9,9,9,29
"-76.94322205",38.90216064,9,9,9,30
"-76.94306946",38.90209961,9,9,9,31
"-76.94300079",38.90206909,9,9,9,32
"-76.94290924",38.90203094,9,9,9,33
"-76.94261169",38.90190887,9,9,9,34
"-76.94226074",38.90222931,9,9,9,35
"-76.94197845",38.90248108,9,9,9,36
"-76.94180298",38.90261841,9,9,9,37
"-76.94152069",38.90282059,9,9,9,38
"-76.94138336",38.90288925,9,9,9,39
"-76.94123077",38.90293121,9,9,9,40
"-76.94111633",38.90293884,9,9,9,41
"-76.94090271",38.90293121,9,9,9,42
"-76.94043732",38.90288925,9,9,9,43
"-76.94026947",38.90288162,9,9,9,44
"-76.94007874",38.90285873,9,9,9,45
"-76.93917847",38.902771,9,9,9,46
"-76.93846893",38.90272903,9,9,9,47
"-76.93834686",38.90272903,9,9,9,48
"-76.93782043",38.90272903,9,9,9,49
"-76.93778992",38.90287018,9,9,9,50
"-76.93769073",38.90328979,9,9,9,51
"-76.93750763",38.90394974,9,9,9,52
"-76.93734741",38.90454865,9,9,9,53
"-76.93728638",38.90478897,9,9,9,54
"-76.93724823",38.90493011,9,9,9,55
"-76.93710327",38.90546036,9,9,9,56
"-76.9369278",38.90605164,9,9,9,57
"-76.93659973",38.90605927,9,9,9,58
"-76.9359436",38.90657043,9,9,9,59
"-76.93550873",38.90690994,9,9,9,60
"-76.93518829",38.90715027,9,9,9,61
"-76.93534851",38.907341,9,9,9,62
"-76.93538666",38.90742111,9,9,9,63
"-76.93537903",38.90753174,9,9,9,64
"-76.93531799",38.90763855,9,9,9,65
"-76.93489838",38.90795898,9,9,9,66
